,px,film,all
0,0.0,0.04370972876258219,0.4887697543530034
1,0.001001001001001001,0.9018504337483237,0.5068757818032987
2,0.002002002002002002,0.9243815774552023,0.5250062776811981
3,0.003003003003003003,0.9350374634999163,0.5431437222406669
4,0.004004004004004004,0.9397281792730873,0.5612842319225362
5,0.005005005005005005,0.9427411577764714,0.5794258890820663
6,0.006006006006006006,0.9449115164687334,0.5975686935876109
7,0.007007007007007007,0.9474777237146625,0.6157126453075465
8,0.008008008008008008,0.9497467962774186,0.6338599588882864
9,0.009009009009009009,0.9508213463163416,0.6520142232899355
10,0.01001001001001001,0.9530085371316678,0.6701840294224162
11,0.011011011011011011,0.9540682122042138,0.6883606966647735
12,0.012012012012012012,0.9549545113697002,0.7065497460894052
13,0.013013013013013013,0.955636458680653,0.7247595766335129
14,0.014014014014014014,0.9566945590390733,0.7429740804161915
15,0.015015015015015015,0.9576898120360231,0.7611924278383209
16,0.016016016016016016,0.9586896357870346,0.7794131455787647
17,0.017017017017017015,0.9595789566069406,0.797636048681464
18,0.018018018018018018,0.9608171859715787,0.815861256256135
19,0.01901901901901902,0.9614639938475185,0.834088806652364
20,0.02002002002002002,0.9620116649609193,0.852324112046392
21,0.02102102102102102,0.9625648102977746,0.8705646798662334
22,0.022022022022022022,0.9627221095586488,0.8888065197148538
23,0.023023023023023025,0.963766165560841,0.9070500248014919
24,0.024024024024024024,0.9645453608982556,0.9252951738905169
25,0.025025025025025023,0.9658963556950374,0.9435422750565492
26,0.026026026026026026,0.967117128727647,0.9617930789610722
27,0.02702702702702703,0.9683650185354514,0.9632216368279242
28,0.028028028028028028,0.9687194012954852,0.9642173436656105
29,0.029029029029029027,0.9688757225379154,0.9650151113446019
30,0.03003003003003003,0.9689342438986155,0.965722479133113
31,0.031031031031031032,0.9689927585453597,0.9663723435904441
32,0.03203203203203203,0.9690512664793031,0.966985835275505
33,0.03303303303303303,0.9692227213803123,0.967553327459459
34,0.03403403403403403,0.9695772132466839,0.9680756697715007
35,0.035035035035035036,0.9703698415190978,0.9685762841821428
36,0.036036036036036036,0.97071975812281,0.9690333541658107
37,0.037037037037037035,0.9713512494188004,0.9694689878345567
38,0.03803803803803804,0.9724110865120691,0.9698865846761989
39,0.03903903903903904,0.9726494216791955,0.9702901515500706
40,0.04004004004004004,0.972845447291177,0.9706723128664415
41,0.04104104104104104,0.9729663335252178,0.9710454331034906
42,0.04204204204204204,0.973077787000245,0.9714009513065099
43,0.043043043043043044,0.9731953150708089,0.9717419622143664
44,0.044044044044044044,0.9733147989702606,0.9720628265849429
45,0.04504504504504504,0.9737103038580113,0.9723724234265931
46,0.04604604604604605,0.9739786875744922,0.9726726963951867
47,0.04704704704704705,0.9740435610422189,0.9729630827367778
48,0.04804804804804805,0.9741284881811186,0.9732493237159998
49,0.04904904904904905,0.9742123323028545,0.9735140318418655
50,0.050050050050050046,0.9743118882302367,0.9737624003568223
51,0.05105105105105105,0.9745007278932617,0.9739832174028268
52,0.05205205205205205,0.974706884957771,0.9741801624360679
53,0.05305305305305305,0.9751626261772064,0.9743536702653474
54,0.05405405405405406,0.9757236151284796,0.974521260529188
55,0.055055055055055056,0.9758039364871547,0.9746868166792624
56,0.056056056056056056,0.9758842451003571,0.9748522562528319
57,0.057057057057057055,0.9761995924068346,0.9750221449220896
58,0.058058058058058054,0.9764198250963204,0.9751923684363601
59,0.05905905905905906,0.9763862541915455,0.9753607119270596
60,0.06006006006006006,0.9763526812590878,0.9755232709074483
61,0.06106106106106106,0.9763191062987309,0.9756709612841943
62,0.062062062062062065,0.9762855293102587,0.9758124636324109
63,0.06306306306306306,0.9762519502934552,0.975942256833864
64,0.06406406406406406,0.9762183692481043,0.9760519419055196
65,0.06506506506506507,0.9761847861739897,0.9761576266824551
66,0.06606606606606606,0.976718944125527,0.9762601407179681
67,0.06706706706706707,0.9768210641410192,0.9763613866694826
68,0.06806806806806806,0.9769705129076179,0.9764622554584754
69,0.06906906906906907,0.9771812688709901,0.9765626276443689
70,0.07007007007007007,0.9772534327716802,0.9766620570621669
71,0.07107107107107107,0.9773255863591868,0.9767550074290464
72,0.07207207207207207,0.9773745137189173,0.9768439711521999
73,0.07307307307307308,0.9773203994989726,0.9769334349301724
74,0.07407407407407407,0.9772662799799876,0.9770280796429467
75,0.07507507507507508,0.9772121551610548,0.9771242820581281
76,0.07607607607607608,0.9771580250412671,0.9772205018092813
77,0.07707707707707707,0.9771613254229399,0.9773150235030692
78,0.07807807807807808,0.9772139178287107,0.9774076563674174
79,0.07907907907907907,0.9772665047513495,0.9774935061255428
80,0.08008008008008008,0.9773190861917137,0.9775691729066085
81,0.08108108108108109,0.9773716621506608,0.9776440745354924
82,0.08208208208208208,0.9776570806775026,0.9777182111956502
83,0.08308308308308308,0.9777326657071066,0.9777869742188054
84,0.08408408408408408,0.9778082394059845,0.9778522285310091
85,0.08508508508508508,0.977867721246503,0.9779189603106373
86,0.08608608608608609,0.977902050733142,0.9779872261178056
87,0.08708708708708708,0.9779363778818628,0.9780570259145385
88,0.08808808808808809,0.9779707026929044,0.9781283596628751
89,0.0890890890890891,0.9780050251665057,0.9782012273248692
90,0.09009009009009009,0.978039345302905,0.978275628862589
91,0.09109109109109109,0.9780736631023415,0.9783513629389605
92,0.0920920920920921,0.9781298770524588,0.9784172249032014
93,0.09309309309309309,0.9782220952388757,0.9784816860506979
94,0.0940940940940941,0.9783142965513788,0.9785438183300329
95,0.09509509509509509,0.9783856992779564,0.9786024196026226
96,0.0960960960960961,0.9784507725688699,0.9786602073232091
97,0.0970970970970971,0.9785158374553169,0.9787171816573321
98,0.0980980980980981,0.9786062137188171,0.9787737979845466
99,0.0990990990990991,0.9789553685326061,0.9788365874769923
100,0.10010010010010009,0.9791186554771015,0.9789020357050373
101,0.1011011011011011,0.9792190955390588,0.978970142513716
102,0.1021021021021021,0.9793213342764446,0.979040705927573
103,0.1031031031031031,0.9794311610395271,0.9791118234542686
104,0.1041041041041041,0.9795409638416004,0.9791825285446714
105,0.10510510510510511,0.9795826209628284,0.9792528212674418
106,0.1061061061061061,0.9796239195602328,0.9793227016912278
107,0.10710710710710711,0.9796652147684025,0.9793921698846637
108,0.10810810810810811,0.9797065065877549,0.9794566602683619
109,0.1091091091091091,0.9797477950187069,0.9795202871857844
110,0.11011011011011011,0.9797895749525903,0.9795837151557374
111,0.1111111111111111,0.9798342374246717,0.9796478397747559
112,0.11211211211211211,0.979878895932107,0.9797131538740278
113,0.11311311311311312,0.9799235504754243,0.9797808763847361
114,0.11411411411411411,0.9799682010551517,0.9798528440046409
115,0.11511511511511512,0.9800128476718163,0.9799263976933281
116,0.11611611611611611,0.9800472240689345,0.9800002006570555
117,0.11711711711711711,0.9800779043018101,0.9800742528552673
118,0.11811811811811812,0.9801085826633424,0.9801481248653094
119,0.11911911911911911,0.9801392591537029,0.9802211106354097
120,0.12012012012012012,0.9801699337730626,0.9802941915718119
121,0.12112112112112113,0.9802006065215926,0.9803683607935724
122,0.12212212212212212,0.9802312773994641,0.9804434772164182
123,0.12312312312312312,0.9802619464068482,0.980519434437586
124,0.12412412412412413,0.9805226636137088,0.9805921342677997
125,0.12512512512512514,0.980604139610283,0.980656504574392
126,0.12612612612612611,0.9806856024036678,0.9807190832874642
127,0.12712712712712712,0.9807567591479729,0.980781102496587
128,0.12812812812812813,0.9807883192844192,0.9808425190331164
129,0.12912912912912913,0.9808198774392477,0.9809031551734575
130,0.13013013013013014,0.9808514336126446,0.9809630111956347
131,0.13113113113113112,0.980882987804797,0.9810234230977088
132,0.13213213213213212,0.9809145400158913,0.9810890660044339
133,0.13313313313313313,0.9809460902461141,0.9811570281810981
134,0.13413413413413414,0.9809776384956519,0.9812259822767312
135,0.13513513513513514,0.9810430658735879,0.9812955271472157
136,0.13613613613613612,0.9811380768164432,0.9813656529555891
137,0.13713713713713713,0.9812330697960151,0.9814358878344028
138,0.13813813813813813,0.9813902259279823,0.9815054915610177
139,0.13913913913913914,0.9816410513080513,0.9815744642070738
140,0.14014014014014015,0.9817562632895527,0.9816428058442004
141,0.14114114114114115,0.9818032964530008,0.9817105165440172
142,0.14214214214214213,0.9818503252111451,0.9817777976772906
143,0.14314314314314314,0.9818973495646043,0.9818447217117421
144,0.14414414414414414,0.9819443695139972,0.981911288677978
145,0.14514514514514515,0.9820414243078815,0.9819774986066008
146,0.14614614614614616,0.9821683295877441,0.9820433515282108
147,0.14714714714714713,0.9822817101340082,0.9821088474734043
148,0.14814814814814814,0.9823896557348809,0.9821739864727751
149,0.14914914914914915,0.9823139050597061,0.9822387685569137
150,0.15015015015015015,0.9822382541688187,0.982298682970725
151,0.15115115115115116,0.9823101698437817,0.9823572442416588
152,0.15215215215215216,0.9823820752043213,0.9824144526225159
153,0.15315315315315314,0.9824535776394442,0.9824705101866054
154,0.15415415415415415,0.9825236041969234,0.9825261933319183
155,0.15515515515515516,0.9825936209726319,0.982581502091225
156,0.15615615615615616,0.9826636279686193,0.9826364364972933
157,0.15715715715715717,0.9829717078032051,0.9826912045177072
158,0.15815815815815815,0.9831312857782791,0.9827458504069597
159,0.15915915915915915,0.9832231654650436,0.9828003741787774
160,0.16016016016016016,0.9832945834134135,0.9828547758468851
161,0.16116116116116116,0.9833659911796321,0.9829083910895366
162,0.16216216216216217,0.9834162162441714,0.9829606398117235
163,0.16316316316316315,0.9834286859894719,0.9830115223405604
164,0.16416416416416416,0.9834411554242811,0.9830598197656015
165,0.16516516516516516,0.9834536245486108,0.9831036954098205
166,0.16616616616616617,0.9834660933624728,0.9831461165203988
167,0.16716716716716717,0.9834785618658782,0.9831896448363097
168,0.16816816816816815,0.9834910300588391,0.9832342800243377
169,0.16916916916916916,0.9835034979413666,0.9832823797446583
170,0.17017017017017017,0.9835159655134725,0.983328518142053
171,0.17117117117117117,0.9835284327751684,0.9833717140376883
172,0.17217217217217218,0.9835408997264662,0.9834113820244488
173,0.17317317317317318,0.9835533663673771,0.9834477871897038
174,0.17417417417417416,0.9835658326979126,0.9834829498234211
175,0.17517517517517517,0.9835782987180846,0.9835206077791416
176,0.17617617617617617,0.9835907644279045,0.9835607589962447
177,0.17717717717717718,0.9836032298273841,0.9836005099086047
178,0.1781781781781782,0.9836156949165348,0.983639142296413
179,0.17917917917917917,0.9836281596953682,0.9836737149895733
180,0.18018018018018017,0.9836406241638959,0.9837054568882723
181,0.18118118118118118,0.9836530883221296,0.983736723569706
182,0.18218218218218218,0.983676156845906,0.9837675151433528
183,0.1831831831831832,0.9837014803677734,0.9837931634320692
184,0.1841841841841842,0.9837268026088171,0.9838165801547641
185,0.18518518518518517,0.9837521235691338,0.9838390992988825
186,0.18618618618618618,0.983777443248821,0.9838628180042391
187,0.1871871871871872,0.983802761647976,0.9838870114072008
188,0.1881881881881882,0.9838280787666955,0.9839083349292872
189,0.1891891891891892,0.983853394605077,0.9839275285294821
190,0.19019019019019018,0.9838787091632175,0.9839458093799911
191,0.19119119119119118,0.9839197399290542,0.9839642126369144
192,0.1921921921921922,0.9840232405644501,0.9839827382925764
193,0.1931931931931932,0.9841267198005752,0.9840013863393023
194,0.1941941941941942,0.9843504353009538,0.984020156769418
195,0.19519519519519518,0.9842974277811313,0.9840390495752496
196,0.1961961961961962,0.9842444149852781,0.9840580647491238
197,0.1971971971971972,0.9841913969125285,0.9840772022833681
198,0.1981981981981982,0.9841383735620165,0.9840964621703104
199,0.1991991991991992,0.9841829500544612,0.984115844402279
200,0.20020020020020018,0.9842344608014512,0.9841353489716029
201,0.2012012012012012,0.9842859662410717,0.9841549758706116
202,0.2022022022022022,0.9843374663741433,0.9841747250916353
203,0.2032032032032032,0.9843523269825529,0.9841946223857656
204,0.2042042042042042,0.9842167849906227,0.9842146959190473
205,0.20520520520520522,0.9841424410305684,0.9842349456794699
206,0.2062062062062062,0.9841882217257443,0.9842553716550229
207,0.2072072072072072,0.9842339982246099,0.9842759738336976
208,0.2082082082082082,0.9842797705277422,0.9842965442686655
209,0.2092092092092092,0.9843255386357178,0.9843170387261873
210,0.21021021021021022,0.9843716418150759,0.9843374572132869
211,0.2112112112112112,0.9845042373866058,0.9843577997369884
212,0.2122122122122122,0.9845998547306832,0.9843780663043146
213,0.2132132132132132,0.9845037158705735,0.9843982569222878
214,0.21421421421421422,0.9844075595994128,0.9844181219699408
215,0.21521521521521522,0.9843734788002392,0.9844347242249006
216,0.21621621621621623,0.9843921906516945,0.9844479839138798
217,0.2172172172172172,0.9844109018012364,0.9844573996968575
218,0.2182182182182182,0.9844296122489046,0.9844642382717792
219,0.21921921921921922,0.9844483219947384,0.9844697620630242
220,0.22022022022022023,0.9844670310387774,0.9844716134445258
221,0.22122122122122123,0.984485739381061,0.984475218305605
222,0.2222222222222222,0.9845044470216289,0.9844805766974677
223,0.22322322322322322,0.9845231539605203,0.9844876886713418
224,0.22422422422422422,0.9845418601977748,0.9844965542784787
225,0.22522522522522523,0.9845605657334319,0.9845036359950061
226,0.22622622622622623,0.9845792705675311,0.984508707081518
227,0.2272272272272272,0.9845979747001117,0.9845117675456188
228,0.22822822822822822,0.9846179918280245,0.9845128173948813
229,0.22922922922922923,0.9846394451139056,0.9845125761062451
230,0.23023023023023023,0.9846608974769118,0.9845147065786058
231,0.23123123123123124,0.9846823489171025,0.9845180088426799
232,0.23223223223223222,0.9847037994345373,0.9845201275051964
233,0.23323323323323322,0.9847252490292759,0.9845210626405605
234,0.23423423423423423,0.9847466977013778,0.9845208143231665
235,0.23523523523523523,0.9847681454509025,0.9845193826273965
236,0.23623623623623624,0.9847895922779095,0.9845167609753473
237,0.23723723723723725,0.9848110381824582,0.9845112534298848
238,0.23823823823823823,0.9848324831646081,0.984503585046415
239,0.23923923923923923,0.9848411961970012,0.9844975157426336
240,0.24024024024024024,0.9847001096080246,0.9844930458520561
241,0.24124124124124124,0.9845549533011563,0.9844889582006874
242,0.24224224224224225,0.9843999448609105,0.984484217630637
243,0.24324324324324323,0.9843720078854629,0.9844788241477894
244,0.24424424424424424,0.9844084331540651,0.984472777758028
245,0.24524524524524524,0.9844448557575387,0.9844660784672351
246,0.24624624624624625,0.984481275696176,0.9844587262812919
247,0.24724724724724725,0.9845176929702699,0.9844516472192895
248,0.24824824824824826,0.9845541075801123,0.9844452610227661
249,0.24924924924924924,0.984590519525996,0.984439567590244
250,0.2502502502502503,0.984544117597363,0.9844345668202623
251,0.25125125125125125,0.9844930862135592,0.9844301294041967
252,0.25225225225225223,0.9844420499102053,0.9844255720438881
253,0.25325325325325326,0.9843910086865284,0.9844208947468387
254,0.25425425425425424,0.9843400212621064,0.9844160717617891
255,0.2552552552552553,0.9843254390810228,0.9844110749225263
256,0.25625625625625625,0.9843108564983528,0.9844059042408936
257,0.25725725725725723,0.9842962735140783,0.984400559728733
258,0.25825825825825827,0.9842816901281815,0.9843950413978858
259,0.25925925925925924,0.984267106340644,0.9843893492601925
260,0.2602602602602603,0.9842525221514481,0.9843834833274925
261,0.26126126126126126,0.9842379375605756,0.9843774436116242
262,0.26226226226226224,0.9842233525680085,0.984371230124425
263,0.26326326326326327,0.9842087671737292,0.9843648428777316
264,0.26426426426426425,0.9841941813777189,0.9843582818833799
265,0.2652652652652653,0.9841795951799599,0.984351796781193
266,0.26626626626626626,0.9841650085804343,0.9843483248123988
267,0.26726726726726724,0.984150421579124,0.9843479457691373
268,0.2682682682682683,0.9841358341760108,0.984350852824245
269,0.26926926926926925,0.9841212463710769,0.9843545543741232
270,0.2702702702702703,0.984106658164304,0.9843577884077379
271,0.27127127127127126,0.9840920695556744,0.9843604945515712
272,0.27227227227227224,0.9841247072189323,0.9843626472434959
273,0.2732732732732733,0.9841787509989458,0.9843642465331081
274,0.27427427427427425,0.9842327889018858,0.9843652924699972
275,0.2752752752752753,0.9842868209287111,0.9843657851037478
276,0.27627627627627627,0.9843342575140828,0.984367348233171
277,0.2772772772772773,0.9843468451917936,0.9843700726292471
278,0.2782782782782783,0.9843594325505927,0.9843739583857883
279,0.27927927927927926,0.9843720195904919,0.9843790055966215
280,0.2802802802802803,0.9843846063115037,0.9843852132042091
281,0.28128128128128127,0.98439719271364,0.984391867377601
282,0.2822822822822823,0.984409778796913,0.9843989681220215
283,0.2832832832832833,0.9844223645613347,0.9844065154426955
284,0.28428428428428426,0.9844349500069175,0.9844145093448485
285,0.2852852852852853,0.984447535133673,0.9844229498337062
286,0.2862862862862863,0.9844601199416139,0.9844318369144945
287,0.2872872872872873,0.984472704430752,0.9844411705924403
288,0.2882882882882883,0.9844852886010994,0.9844509508727707
289,0.28928928928928926,0.9844978724526683,0.9844611777607127
290,0.2902902902902903,0.9845104559854706,0.9844718512614946
291,0.2912912912912913,0.9845230391995188,0.9844829713803444
292,0.2922922922922923,0.9845356220948248,0.9844945381224909
293,0.2932932932932933,0.9845482046714008,0.9845065514931634
294,0.29429429429429427,0.9845607869292585,0.984519011497591
295,0.2952952952952953,0.9845733688684107,0.9845319181410039
296,0.2962962962962963,0.9845828690930334,0.9845452714286327
297,0.2972972972972973,0.9845910629843417,0.9845590713657077
298,0.2982982982982983,0.9845992567404833,0.9845723919442495
299,0.29929929929929927,0.9846074503614612,0.9845848134338296
300,0.3003003003003003,0.9846156438472791,0.9845963359470363
301,0.3013013013013013,0.9846238371979399,0.9846042557282892
302,0.3023023023023023,0.9846320304134472,0.9846089364728021
303,0.3033033033033033,0.9846402234938044,0.9846136333950435
304,0.30430430430430433,0.9846484164390147,0.9846183464941578
305,0.3053053053053053,0.9846566092490816,0.9846230757692896
306,0.3063063063063063,0.9846648019240083,0.9846278212195838
307,0.3073073073073073,0.9846729944637981,0.9846325828441851
308,0.3083083083083083,0.9846811868684547,0.984637360642238
309,0.30930930930930933,0.9846893791379809,0.9846421546128873
310,0.3103103103103103,0.9846975712723806,0.984646964755278
311,0.3113113113113113,0.9847057632716566,0.9846517910685552
312,0.3123123123123123,0.9847139551358126,0.9846566335518635
313,0.3133133133133133,0.984722146864852,0.984661492204348
314,0.31431431431431434,0.9847303384587779,0.9846663670251536
315,0.3153153153153153,0.9847385299175938,0.9846712580134259
316,0.3163163163163163,0.9847467212413028,0.9846761651683096
317,0.3173173173173173,0.9847549124299086,0.98468108848895
318,0.3183183183183183,0.9847631034834142,0.9846860279744925
319,0.31931931931931934,0.9847712944018232,0.9846909836240823
320,0.3203203203203203,0.9847794851851389,0.9846959554368648
321,0.3213213213213213,0.9847876758333646,0.9847022150845288
322,0.32232232232232233,0.9847958663465036,0.9847098409143415
323,0.3233233233233233,0.9848040567245592,0.9847188582929145
324,0.32432432432432434,0.9848122469675348,0.9847231023629094
325,0.3253253253253253,0.984820437075434,0.9847277840010391
326,0.3263263263263263,0.9846907297726092,0.9847329031731276
327,0.32732732732732733,0.9845729754842377,0.9847384598450015
328,0.3283283283283283,0.9845863882261,0.9847444539824919
329,0.32932932932932935,0.9845998006054226,0.9847508855514323
330,0.3303303303303303,0.9846132126222201,0.9847577545176596
331,0.3313313313313313,0.9846266242765072,0.9847650608470144
332,0.33233233233233234,0.9846400355682987,0.9847727480208568
333,0.3333333333333333,0.9846534464976092,0.9847806400932371
334,0.33433433433433435,0.9846668570644534,0.9847887370530517
335,0.3353353353353353,0.984680267268846,0.9847970388891982
336,0.3363363363363363,0.9846936771108017,0.9848055455905744
337,0.33733733733733734,0.9847070865903353,0.9848142571460792
338,0.3383383383383383,0.9847204957074613,0.9848231735446119
339,0.33933933933933935,0.9847339044621944,0.9848322947750728
340,0.34034034034034033,0.9847473128545496,0.9848416208263627
341,0.34134134134134136,0.9847607208845411,0.9848511516873832
342,0.34234234234234234,0.9847741285521843,0.9848608873470366
343,0.3433433433433433,0.9847875358574931,0.984870827794226
344,0.34434434434434436,0.9848009428004826,0.9848809730178547
345,0.34534534534534533,0.9848143493811675,0.9848912055969765
346,0.34634634634634637,0.9848926108992729,0.9849000361297315
347,0.34734734734734735,0.984971786413473,0.9849074644691529
348,0.3483483483483483,0.9850509492915631,0.9849134904682441
349,0.34934934934934936,0.9848157043102226,0.9849181070000176
350,0.35035035035035034,0.9848462139060796,0.984921232632453
351,0.35135135135135137,0.9848767216237884,0.9849228671964405
352,0.35235235235235235,0.9849072274635225,0.9849257143909845
353,0.3533533533533533,0.9849377314254552,0.9849301383629265
354,0.35435435435435436,0.9849682335097596,0.9849346788888268
355,0.35535535535535534,0.9849987337166094,0.9849393359609404
356,0.3563563563563564,0.985029232046178,0.9849441095715226
357,0.35735735735735735,0.9850568477899687,0.9849489997128296
358,0.35835835835835833,0.9850754901551892,0.9849540063771179
359,0.35935935935935936,0.9850941318190031,0.9849591295566448
360,0.36036036036036034,0.9851127727814498,0.9849643692436678
361,0.3613613613613614,0.9851314130425693,0.9849697254304455
362,0.36236236236236236,0.9851500526024007,0.9849751981092368
363,0.36336336336336333,0.9851686914609841,0.9849807872723013
364,0.36436436436436437,0.9851873296183585,0.9849864929118988
365,0.36536536536536535,0.9852059670745639,0.9849923150202902
366,0.3663663663663664,0.9852246038296397,0.9849956656024339
367,0.36736736736736736,0.9852432398836255,0.9849975197414631
368,0.3683683683683684,0.9852618752365608,0.9850030906764375
369,0.36936936936936937,0.9852805098884854,0.9850099201309277
370,0.37037037037037035,0.9852931559370284,0.9850180078730804
371,0.3713713713713714,0.9852298423556498,0.9850271222611605
372,0.37237237237237236,0.9851665211438518,0.9850350434696031
373,0.3733733733733734,0.9851031923001553,0.9850417535648828
374,0.3743743743743744,0.985039499845004,0.9850472527827341
375,0.37537537537537535,0.9849716542217414,0.9850577059711139
376,0.3763763763763764,0.9849037998387977,0.9850679022439286
377,0.37737737737737737,0.9848359366943542,0.9850778416259737
378,0.3783783783783784,0.9847985980532751,0.9850875241420427
379,0.3793793793793794,0.9848179550470164,0.9850969498169257
380,0.38038038038038036,0.9848373112832152,0.9851061186754103
381,0.3813813813813814,0.9848566667619162,0.9851150307422816
382,0.38238238238238237,0.9848760214831639,0.9851236860423213
383,0.3833833833833834,0.9848953754470026,0.9851321410847925
384,0.3843843843843844,0.984914728653477,0.9851405718062687
385,0.38538538538538536,0.9849340811026311,0.9851486819838389
386,0.3863863863863864,0.9849534327945099,0.9851522489338788
387,0.38738738738738737,0.9849727837291578,0.9851546272718561
388,0.3883883883883884,0.9849921339066187,0.9851562888472749
389,0.3893893893893894,0.9850114833269376,0.9851572336618597
390,0.39039039039039036,0.9850308319901586,0.9851574617173335
391,0.3913913913913914,0.9849181925438774,0.9851569730154182
392,0.3923923923923924,0.9848552819750301,0.9851557675578336
393,0.3933933933933934,0.9850582462358879,0.985153845346299
394,0.3943943943943944,0.9851358380364864,0.9851512063825312
395,0.39539539539539537,0.9852134176502682,0.9851478506682465
396,0.3963963963963964,0.9852791831732544,0.9851438956150107
397,0.3973973973973974,0.9852965925298397,0.9851408306153009
398,0.3983983983983984,0.9853140012727368,0.9851386558067021
399,0.3993993993993994,0.9853314094019784,0.9851373713268272
400,0.40040040040040037,0.985348816917597,0.98513698429328
401,0.4014014014014014,0.9853662238196248,0.9851391001597196
402,0.4024024024024024,0.9853836301080943,0.9851442724896415
403,0.4034034034034034,0.9854010357830382,0.9851525011466724
404,0.4044044044044044,0.9854184408444886,0.985162216249027
405,0.40540540540540543,0.9854358452924781,0.9851722418763298
406,0.4064064064064064,0.9854532491270391,0.9851825779941605
407,0.4074074074074074,0.9854706523482041,0.9851932245681023
408,0.4084084084084084,0.9854880549560053,0.9852041815637438
409,0.4094094094094094,0.9855054569504755,0.9852154489466771
410,0.41041041041041043,0.9855077508750802,0.9852270266824994
411,0.4114114114114114,0.9852946872334765,0.9852408798932297
412,0.4124124124124124,0.9852527082794156,0.9852560696412634
413,0.4134134134134134,0.9852347929487615,0.9852684101255051
414,0.4144144144144144,0.9852168770048094,0.9852771053589331
415,0.41541541541541543,0.9851989604475262,0.9852812803148912
416,0.4164164164164164,0.985181043276878,0.9852841085449644
417,0.4174174174174174,0.9851631254928317,0.9852881779598388
418,0.4184184184184184,0.9851452070953535,0.9852925133920107
419,0.4194194194194194,0.9851272880844101,0.9852919015180365
420,0.42042042042042044,0.9851093684599679,0.9852897356392557
421,0.4214214214214214,0.9850914482219932,0.9852881971080785
422,0.4224224224224224,0.9850735273704527,0.9852873372130555
423,0.42342342342342343,0.9850556059053127,0.985284748245867
424,0.4244244244244244,0.9850376838265398,0.985280430030129
425,0.42542542542542544,0.9850197611341004,0.9852743823894159
426,0.4264264264264264,0.985079563410152,0.9852676847799865
427,0.4274274274274274,0.9851675886648207,0.9852615875189382
428,0.42842842842842843,0.9852555982029275,0.9852560905262034
429,0.4294294294294294,0.9852940682733574,0.9852511937217271
430,0.43043043043043044,0.9853292620394652,0.9852468970254673
431,0.4314314314314314,0.9853644532925743,0.9852427947196012
432,0.43243243243243246,0.9853996420329542,0.9852380580986605
433,0.43343343343343343,0.9854348282608737,0.9852326871662616
434,0.4344344344344344,0.9854700119766022,0.9852266819260199
435,0.43543543543543545,0.9855051931804085,0.98522004238155
436,0.4364364364364364,0.9856405948498865,0.9852130647611035
437,0.43743743743743746,0.9857281099442254,0.9852099717536449
438,0.43843843843843844,0.9856021484254847,0.9852074087490447
439,0.4394394394394394,0.9854355908114458,0.9852049039031366
440,0.44044044044044045,0.985224406080795,0.9852024572195326
441,0.44144144144144143,0.9851750717238998,0.9852000687018445
442,0.44244244244244246,0.9851257327024686,0.9851977383536852
443,0.44344344344344344,0.9850763890158019,0.9851954661786669
444,0.4444444444444444,0.9850270406631993,0.9851932521804028
445,0.44544544544544545,0.9850253782186625,0.985191096362506
446,0.44644644644644643,0.9851349525602371,0.9851889987285902
447,0.44744744744744747,0.9852353285270773,0.9851869592822688
448,0.44844844844844844,0.9851645552032291,0.9851849712174982
449,0.4494494494494494,0.9850937722700958,0.9851830209113103
450,0.45045045045045046,0.9850229797256113,0.9851811083661063
451,0.45145145145145144,0.9850072388366964,0.9851792335842872
452,0.45245245245245247,0.9850552635061655,0.9851758725372308
453,0.45345345345345345,0.9851032834786196,0.9851704718235668
454,0.4544544544544544,0.9851512987547478,0.9851630317418301
455,0.45545545545545546,0.9851993093352389,0.9851545236444985
456,0.45645645645645644,0.9852266276933076,0.9851450117631995
457,0.4574574574574575,0.9852116814590622,0.9851344961375725
458,0.45845845845845845,0.9851967347958595,0.9851229768072527
459,0.45945945945945943,0.9851817877036801,0.9851104538118678
460,0.46046046046046046,0.9851668401825044,0.9850969271910408
461,0.46146146146146144,0.985151892232313,0.9850823969843889
462,0.4624624624624625,0.9851369438530867,0.9850648980751052
463,0.46346346346346345,0.9851219950448057,0.9850453694060062
464,0.46446446446446443,0.9851070458074507,0.9850282716518755
465,0.46546546546546547,0.985092096141002,0.9850147436547916
466,0.46646646646646645,0.9850771460454404,0.9850056604466455
467,0.4674674674674675,0.9850621955207466,0.9849978484810866
468,0.46846846846846846,0.9850472445669007,0.9849913078399664
469,0.4694694694694695,0.9850322931838834,0.9849860386051507
470,0.47047047047047047,0.9850173413716754,0.9849820408585194
471,0.47147147147147145,0.985002389130257,0.9849783795726587
472,0.4724724724724725,0.9849874364596088,0.9849728736245071
473,0.47347347347347346,0.9849721360671414,0.9849657033647461
474,0.4744744744744745,0.9849561402897336,0.9849602246522132
475,0.4754754754754755,0.9849401440211352,0.984956437665719
476,0.47647647647647645,0.9849241472613225,0.9849543425841152
477,0.4774774774774775,0.9849081500102715,0.9849528599535687
478,0.47847847847847846,0.9848921522679588,0.9849507394594081
479,0.4794794794794795,0.98487615403436,0.9849479811841269
480,0.4804804804804805,0.9848601553094518,0.9849452073487064
481,0.48148148148148145,0.9848441560932099,0.9849429763096325
482,0.4824824824824825,0.9848281563856106,0.9849416935675053
483,0.48348348348348347,0.9848121561866302,0.9849419942728073
484,0.4844844844844845,0.9847961554962447,0.9849433452840197
485,0.4854854854854855,0.9847801543144302,0.984945746549863
486,0.48648648648648646,0.984764152641163,0.9849491980190646
487,0.4874874874874875,0.9847481504764192,0.9849536996403595
488,0.48848848848848847,0.9847321478201748,0.9849592513624901
489,0.4894894894894895,0.9847301629648212,0.9849658531342065
490,0.4904904904904905,0.9847456629601598,0.9849721981338222
491,0.49149149149149146,0.984761162465344,0.9849780930388871
492,0.4924924924924925,0.9847766614803972,0.9849835378035459
493,0.4934934934934935,0.9847921600053425,0.9849885323819372
494,0.4944944944944945,0.9848076580402032,0.9849930767281943
495,0.4954954954954955,0.9848231555850026,0.9849971707964436
496,0.4964964964964965,0.9848386526397636,0.985000228145646
497,0.4974974974974975,0.98485414920451,0.9849992874042699
498,0.4984984984984985,0.9848696452792646,0.9849981290675129
499,0.4994994994994995,0.9848851408640509,0.9849967599278302
500,0.5005005005005005,0.9849006359588919,0.9849951935945991
501,0.5015015015015015,0.984916130563811,0.9849934300518268
502,0.5025025025025025,0.9849316246788314,0.9849914692835194
503,0.5035035035035035,0.9849471183039764,0.9849893112736814
504,0.5045045045045045,0.9849626114392692,0.9849869560063154
505,0.5055055055055055,0.9850098331483075,0.9849844034654228
506,0.5065065065065065,0.9850855263424599,0.9849816536350032
507,0.5075075075075075,0.9851612078448321,0.9849782232480362
508,0.5085085085085085,0.9852270174294593,0.9849726345427489
509,0.5095095095095095,0.9852656363676978,0.9849664509151781
510,0.5105105105105106,0.9853042522616864,0.9849642106136979
511,0.5115115115115115,0.9853428651117848,0.9849607317233915
512,0.5125125125125125,0.9853814749183532,0.9849560140170813
513,0.5135135135135135,0.985420081681751,0.9849500572675333
514,0.5145145145145145,0.9854586854023382,0.9849463831384755
515,0.5155155155155156,0.9854306407878485,0.9849450366860564
516,0.5165165165165165,0.9853927362993137,0.9849489345117253
517,0.5175175175175175,0.9853548290430395,0.9849531507513717
518,0.5185185185185185,0.9853169190187087,0.9849576853740942
519,0.5195195195195195,0.9852790062260036,0.9849625383489947
520,0.5205205205205206,0.9852410906646066,0.9849677096451787
521,0.5215215215215215,0.9851732661809942,0.984973199231755
522,0.5225225225225225,0.9849544113200762,0.9849790070778361
523,0.5235235235235235,0.9849283612850024,0.9849851331525381
524,0.5245245245245245,0.9849023099433258,0.9849900369204162
525,0.5255255255255256,0.984876257294943,0.9849926451858741
526,0.5265265265265265,0.9848502033397514,0.9849929706112387
527,0.5275275275275275,0.9848241480776478,0.9849911643231364
528,0.5285285285285285,0.9847980915085295,0.9849872260017574
529,0.5295295295295295,0.984772033632293,0.9849816460065495
530,0.5305305305305306,0.9847459744488357,0.9849753635548735
531,0.5315315315315315,0.9847199139580544,0.9849677565021675
532,0.5325325325325325,0.9846692063578911,0.9849582665683518
533,0.5335335335335335,0.984543132415957,0.9849468939670111
534,0.5345345345345345,0.9844967911805212,0.9849338322494918
535,0.5355355355355356,0.9846819001207512,0.984919614550055
536,0.5365365365365365,0.9846027309088066,0.9849042409127219
537,0.5375375375375375,0.9845235496193433,0.9848877113815067
538,0.5385385385385385,0.984444356249472,0.9848700260004147
539,0.5395395395395395,0.9845447672382277,0.984851184813444
540,0.5405405405405406,0.9846614938914481,0.9848311878645838
541,0.5415415415415415,0.9849444520692672,0.9848113419682596
542,0.5425425425425425,0.9849761906873116,0.9847906337551866
543,0.5435435435435435,0.985007927239245,0.9847687469400888
544,0.5445445445445445,0.9850396617252695,0.9847455905485356
545,0.5455455455455456,0.9850713941455863,0.9847207703164474
546,0.5465465465465466,0.9851031245003976,0.9846945977584943
547,0.5475475475475475,0.9851348527899046,0.9846702848528905
548,0.5485485485485485,0.9851665790143095,0.9846507929501065
549,0.5495495495495496,0.9851197374410441,0.9846323415338871
550,0.5505505505505506,0.9850181624024056,0.9846149306003803
551,0.5515515515515516,0.9849172326524839,0.9845985601457388
552,0.5525525525525525,0.9848240098705933,0.9845832301661195
553,0.5535535535535535,0.984730770288504,0.9845689406576839
554,0.5545545545545546,0.9846625385483705,0.9845556916165981
555,0.5555555555555556,0.984642206403786,0.9845434830390325
556,0.5565565565565566,0.9846218734603033,0.9845371718274317
557,0.5575575575575575,0.9846015397178736,0.9845324200838392
558,0.5585585585585585,0.9845812051764479,0.9845297109693903
559,0.5595595595595596,0.9845608698359773,0.9845305221399918
560,0.5605605605605606,0.984540533696413,0.9845332900937603
561,0.5615615615615616,0.9845201967577057,0.9845268821738293
562,0.5625625625625625,0.9844998590198069,0.9845207710284212
563,0.5635635635635635,0.9844795204826674,0.9845149567385518
564,0.5645645645645646,0.9844591811462382,0.9845094393852649
565,0.5655655655655656,0.9844388410104704,0.9845021923882342
566,0.5665665665665666,0.9844185000753152,0.9844940562670494
567,0.5675675675675675,0.9843366174325904,0.984481771373827
568,0.5685685685685685,0.9842386014730493,0.9844699189606364
569,0.5695695695695696,0.984135943049507,0.9844550098280348
570,0.5705705705705706,0.9840131743894965,0.9844370313911911
571,0.5715715715715716,0.9839062902089992,0.9844155806845535
572,0.5725725725725725,0.9839333079951972,0.9843932828925016
573,0.5735735735735735,0.9839603242780932,0.984372860731859
574,0.5745745745745746,0.9839873390578128,0.9843509309343773
575,0.5755755755755756,0.9840143523344811,0.9843290339674732
576,0.5765765765765766,0.9840413641082238,0.984308242958704
577,0.5775775775775776,0.9840683743791664,0.9842885451776936
578,0.5785785785785785,0.9840953831474342,0.9842697894297545
579,0.5795795795795796,0.9841223904131523,0.9842521200722031
580,0.5805805805805806,0.9841493961764466,0.9842350631657033
581,0.5815815815815816,0.9844241026571954,0.984217679450416
582,0.5825825825825826,0.9844775750348439,0.9841999688899167
583,0.5835835835835835,0.9845310415209976,0.9841819314477763
584,0.5845845845845846,0.98458450211663,0.9841635670875604
585,0.5855855855855856,0.9846379568227148,0.9841448757728305
586,0.5865865865865866,0.9843550962042743,0.9841260861483005
587,0.5875875875875876,0.9842910624929838,0.9841072049178712
588,0.5885885885885885,0.9842270208360144,0.9840882320734201
589,0.5895895895895896,0.9841629712318382,0.9840691676068241
590,0.5905905905905906,0.9841751703896591,0.984050011509959
591,0.5915915915915916,0.9842465517110257,0.9840307637746999
592,0.5925925925925926,0.98431792251492,0.9840114243929213
593,0.5935935935935935,0.9843717176145914,0.98399320004097
594,0.5945945945945946,0.9842475614765662,0.9839764070345876
595,0.5955955955955956,0.9841227614462331,0.9839611363786748
596,0.5965965965965966,0.9839774081070712,0.9839395905903974
597,0.5975975975975976,0.9839659371057539,0.9839172995075162
598,0.5985985985985985,0.9840933225971309,0.9838926374698608
599,0.5995995995995996,0.9840481593427376,0.9838656041717263
600,0.6006006006006006,0.9840029921289338,0.9838376002539597
601,0.6016016016016016,0.9839578209551841,0.9838086479933719
602,0.6026026026026026,0.9839126458209525,0.9837787474021058
603,0.6036036036036035,0.9838674667257029,0.9837478984923012
604,0.6046046046046046,0.9838296330533761,0.9837161012760937
605,0.6056056056056056,0.9837926363168807,0.9836833557656159
606,0.6066066066066066,0.9837556369241341,0.9836496619729965
607,0.6076076076076076,0.9837186348748418,0.9836101630040912
608,0.6086086086086087,0.9836816301687092,0.9835691967651576
609,0.6096096096096096,0.9836446228054424,0.9835267633543813
610,0.6106106106106106,0.9836076127847464,0.9834828628699277
611,0.6116116116116116,0.9835822628453843,0.9834374954099424
612,0.6126126126126126,0.9835572540058104,0.9834002387666496
613,0.6136136136136137,0.9835322439528024,0.9833663872396989
614,0.6146146146146146,0.9835072326862693,0.983332954672266
615,0.6156156156156156,0.9834822202061202,0.9832999411508991
616,0.6166166166166166,0.9834572065122641,0.9832658515325459
617,0.6176176176176176,0.9834321916046104,0.9832295253133299
618,0.6186186186186187,0.983407175483068,0.9831909626301703
619,0.6196196196196196,0.9833821581475459,0.9831505764484092
620,0.6206206206206206,0.9833571395979533,0.9831122940414967
621,0.6216216216216216,0.9829143391873492,0.9830761280239566
622,0.6226226226226226,0.9827694449820568,0.9830424813910286
623,0.6236236236236237,0.9826755440747732,0.983008728988017
624,0.6246246246246246,0.9825816260732356,0.9829721481277773
625,0.6256256256256256,0.9825591392517179,0.9829361221082327
626,0.6266266266266266,0.9825377870445003,0.9829006509962003
627,0.6276276276276276,0.9825164339536547,0.9828657348585077
628,0.6286286286286287,0.9824950799791243,0.9828313737619923
629,0.6296296296296297,0.9824737251208531,0.9827975677735009
630,0.6306306306306306,0.9824523693787842,0.9827641728543132
631,0.6316316316316316,0.9824310127528613,0.9827311725831016
632,0.6326326326326326,0.9824096552430277,0.9826985670011286
633,0.6336336336336337,0.9823882968492273,0.9826663561496607
634,0.6346346346346347,0.9823669375714036,0.9826345400699709
635,0.6356356356356356,0.9823455774095001,0.9826001822032489
636,0.6366366366366366,0.98232421636346,0.9825608904883534
637,0.6376376376376376,0.9824550073963454,0.9825193587993568
638,0.6386386386386387,0.9825646346184983,0.9824764983311871
639,0.6396396396396397,0.9825219598969338,0.9824322709543551
640,0.6406406406406406,0.9824792816421307,0.9823861477084012
641,0.6416416416416416,0.9824365998536384,0.9823381280543585
642,0.6426426426426426,0.982393914531006,0.9822872390087867
643,0.6436436436436437,0.982351225673783,0.9822421564409503
644,0.6446446446446447,0.982312022344776,0.9822055430429735
645,0.6456456456456456,0.9822951587240267,0.9821705997553285
646,0.6466466466466466,0.9822782945516929,0.9821373264532967
647,0.6476476476476476,0.982261429827747,0.9821139147895781
648,0.6486486486486487,0.982244564552161,0.9820930250727123
649,0.6496496496496497,0.9822276987249071,0.9820701023830047
650,0.6506506506506506,0.9822108323459579,0.9820515450004245
651,0.6516516516516516,0.982193965415285,0.9820358922658685
652,0.6526526526526526,0.982177097932861,0.9820224321650046
653,0.6536536536536537,0.9821602298986579,0.9820111643788209
654,0.6546546546546547,0.9821433613126481,0.981997385770027
655,0.6556556556556556,0.9821264921748039,0.9819760873218109
656,0.6566566566566566,0.9821096224850968,0.9819526104795379
657,0.6576576576576576,0.9820927522434998,0.981931202145653
658,0.6586586586586587,0.9820758814499846,0.9819129918876321
659,0.6596596596596597,0.9820590101045236,0.9818995953080645
660,0.6606606606606606,0.981892371602625,0.9818898080335927
661,0.6616616616616616,0.981603735325074,0.9818815580345394
662,0.6626626626626626,0.9814641467065536,0.9818705824083975
663,0.6636636636636637,0.9813713701291605,0.9818599049925156
664,0.6646646646646647,0.9812766477343722,0.9818428549150651
665,0.6656656656656657,0.9811549471426231,0.9818257160781708
666,0.6666666666666666,0.9810332178499387,0.9818084884655685
667,0.6676676676676676,0.9808618651881029,0.9817911720609904
668,0.6686686686686687,0.9811329806449478,0.9817737668481661
669,0.6696696696696697,0.9815398921862566,0.9817562728108221
670,0.6706706706706707,0.9816000504776534,0.9817429538408018
671,0.6716716716716716,0.9816602011943273,0.9817304302434293
672,0.6726726726726726,0.9817203443377085,0.9817171121616829
673,0.6736736736736737,0.9817040694219005,0.9817029994798256
674,0.6746746746746747,0.9815064868996856,0.9816880920821001
675,0.6756756756756757,0.9816351995616395,0.9816773350494141
676,0.6766766766766766,0.9817608497893637,0.9816649678786165
677,0.6776776776776777,0.9818513219004465,0.9816509902035608
678,0.6786786786786787,0.9819417768582769,0.9816348346672559
679,0.6796796796796797,0.9817923709306359,0.9816158873790822
680,0.6806806806806807,0.9813875042618346,0.9815954592635032
681,0.6816816816816816,0.9812550504228605,0.9815737763482116
682,0.6826826826826827,0.9813391877247297,0.9815508383925902
683,0.6836836836836837,0.9814809320839717,0.981526985510706
684,0.6846846846846847,0.9817050712912737,0.9815024038849092
685,0.6856856856856857,0.9818677865733465,0.9814770934137709
686,0.6866866866866866,0.9819248274577729,0.9814539905959325
687,0.6876876876876877,0.9817644594302195,0.9814354874323548
688,0.6886886886886887,0.9819104591863779,0.9814147901062937
689,0.6896896896896897,0.9816950806685201,0.9813970247862163
690,0.6906906906906907,0.9816478792153255,0.9813822294915445
691,0.6916916916916916,0.9816006733994082,0.9813709330726964
692,0.6926926926926927,0.9815534632201597,0.9813631359586235
693,0.6936936936936937,0.981506248676971,0.9813580617927611
694,0.6946946946946947,0.9814590297692335,0.9813468157590628
695,0.6956956956956957,0.9816327548737375,0.9813267351159065
696,0.6966966966966966,0.9816564552580395,0.9813046188733152
697,0.6976976976976977,0.9815990723826212,0.9812804671064947
698,0.6986986986986987,0.9815416830530251,0.9812542798906136
699,0.6996996996996997,0.9814842872681578,0.9812179232653915
700,0.7007007007007007,0.9816790900579244,0.9811804206696463
701,0.7017017017017017,0.9815801066352752,0.9811378437453337
702,0.7027027027027027,0.9814811039874497,0.9810902597570037
703,0.7037037037037037,0.9813531655813046,0.9810384727441614
704,0.7047047047047047,0.9811939182018056,0.9809824824534252
705,0.7057057057057057,0.9811015274181247,0.9809281466431081
706,0.7067067067067067,0.9810206634949308,0.9808805191158442
707,0.7077077077077077,0.9809397867484038,0.9808342582923749
708,0.7087087087087087,0.9808762552674081,0.9807851171363349
709,0.7097097097097097,0.9808222185343483,0.9807318297237713
710,0.7107107107107107,0.9807681760764697,0.9806727485371041
711,0.7117117117117117,0.9807141278928605,0.9806090777715591
712,0.7127127127127127,0.9806600739826092,0.9805415725970613
713,0.7137137137137137,0.9804085830774412,0.9804714157971617
714,0.7147147147147147,0.9804653388052127,0.9803902038959068
715,0.7157157157157157,0.9805220877061117,0.980311708258601
716,0.7167167167167167,0.9805788297813695,0.9802326310691615
717,0.7177177177177178,0.9806355650322176,0.9801529721865015
718,0.7187187187187187,0.9806030827291183,0.9800721250961768
719,0.7197197197197197,0.980559432926335,0.9799898545233058
720,0.7207207207207207,0.9805157793852887,0.9799053187772238
721,0.7217217217217217,0.9804721221054992,0.9798139281781624
722,0.7227227227227228,0.9804284610864861,0.9797201811985874
723,0.7237237237237237,0.9803847963277691,0.9796256673495215
724,0.7247247247247247,0.9798498815355666,0.9795261051647596
725,0.7257257257257257,0.9795938545166811,0.9794254992417398
726,0.7267267267267267,0.9794637764217023,0.9793189040414267
727,0.7277277277277278,0.9793340663845221,0.9792087296421018
728,0.7287287287287287,0.9792101842455025,0.9790988671750613
729,0.7297297297297297,0.9790862720307317,0.9789901102062536
730,0.7307307307307307,0.9790212446044598,0.9788830724410271
731,0.7317317317317317,0.9789585003713767,0.9787737868659714
732,0.7327327327327328,0.9788957484259277,0.9786604429910173
733,0.7337337337337337,0.9788329887666911,0.9785434655369609
734,0.7347347347347347,0.9787632740432203,0.9784251839690056
735,0.7357357357357357,0.9786919307712524,0.9783065283210662
736,0.7367367367367368,0.9786205775305516,0.9781874985008858
737,0.7377377377377378,0.9784820635583844,0.9780682024712737
738,0.7387387387387387,0.9781864626353333,0.9779492938049641
739,0.7397397397397397,0.9777686522223843,0.9778346437705904
740,0.7407407407407407,0.977691803165922,0.9777182082715293
741,0.7417417417417418,0.9776149425539119,0.9775999873966392
742,0.7427427427427428,0.9775380703837478,0.9774799812347503
743,0.7437437437437437,0.977430261613598,0.9773581898746639
744,0.7447447447447447,0.9773104494605456,0.9772363626351676
745,0.7457457457457457,0.9771477067190555,0.9771145887236226
746,0.7467467467467468,0.9769718343216026,0.9769927286961542
747,0.7477477477477478,0.9768753592997134,0.9768707825378065
748,0.7487487487487487,0.9767788660802651,0.9767487502336211
749,0.7497497497497497,0.9764640116301684,0.9766266317686363
750,0.7507507507507507,0.9763533851941494,0.9765126290799495
751,0.7517517517517518,0.9762427348419586,0.9763986499267677
752,0.7527527527527528,0.9759612122697026,0.9762859058915327
753,0.7537537537537538,0.9758781181683871,0.976174389585426
754,0.7547547547547547,0.9758065601721105,0.9760639350801188
755,0.7557557557557557,0.9757349921752576,0.975953559595532
756,0.7567567567567568,0.975527963090281,0.9758421079788169
757,0.7577577577577578,0.9752401258722675,0.975730190094526
758,0.7587587587587588,0.9749739365915282,0.9756179182210409
759,0.7597597597597597,0.974843895301685,0.9755052922602045
760,0.7607607607607607,0.9747707804894444,0.975392504799329
761,0.7617617617617618,0.9746976552472664,0.9752796262397732
762,0.7627627627627628,0.9746300303826381,0.9751666565564907
763,0.7637637637637638,0.9745957320008226,0.9750550115369818
764,0.7647647647647647,0.9745614313243851,0.9749484656260826
765,0.7657657657657657,0.9745271283530951,0.9748494150400606
766,0.7667667667667668,0.974492823086722,0.9747511742138776
767,0.7677677677677678,0.9744585155250362,0.9746537433258627
768,0.7687687687687688,0.9744242056678066,0.974557122554392
769,0.7697697697697697,0.9743898935148032,0.9744619184512049
770,0.7707707707707707,0.974348963437544,0.9743683663284858
771,0.7717717717717718,0.9743009179843966,0.974274261821644
772,0.7727727727727728,0.9742528680297693,0.9741745963448102
773,0.7737737737737738,0.9742048135730297,0.9740737061864793
774,0.7747747747747747,0.9741567546135449,0.9739734951926036
775,0.7757757757757757,0.9740357444125435,0.9738782448100124
776,0.7767767767767768,0.9737809177044083,0.9737839504218868
777,0.7777777777777778,0.9737138306247184,0.9736906123511899
778,0.7787787787787788,0.9736467347730797,0.9736012306923691
779,0.7797797797797797,0.9735770044748346,0.9735118480304491
780,0.7807807807807807,0.973457122316809,0.9734222379037046
781,0.7817817817817818,0.9733372121519857,0.9733325547862663
782,0.7827827827827828,0.9732506882725401,0.9732455339312022
783,0.7837837837837838,0.9731698828781893,0.9731627596181748
784,0.7847847847847848,0.9730890647640331,0.9730838071842515
785,0.7857857857857857,0.9730111135385722,0.9729966794017167
786,0.7867867867867868,0.9729351242339019,0.9729098557243024
787,0.7877877877877878,0.9728591236831474,0.9728233362301182
788,0.7887887887887888,0.972788167563436,0.9727370129422039
789,0.7897897897897898,0.9727526211794679,0.972650232273671
790,0.7907907907907907,0.972717072335269,0.9725629448318062
791,0.7917917917917918,0.9726815210305838,0.9724751229545463
792,0.7927927927927928,0.9726459672651568,0.9723867665425883
793,0.7937937937937938,0.9726104110387326,0.9722978754966077
794,0.7947947947947948,0.9725748523510555,0.9722078880112757
795,0.7957957957957957,0.9725392912018701,0.9721156924328943
796,0.7967967967967968,0.972348376870129,0.972017526175903
797,0.7977977977977978,0.971888895003083,0.9719190641261795
798,0.7987987987987988,0.9717299612248329,0.9718203062203332
799,0.7997997997997998,0.9716681053926031,0.9717212523949585
800,0.8008008008008007,0.9716062421180205,0.9716219025866343
801,0.8018018018018018,0.9715443713997418,0.9715090266042385
802,0.8028028028028028,0.9714824932364238,0.9713978885567984
803,0.8038038038038038,0.9714027476698339,0.9712841239554192
804,0.8048048048048048,0.9713196024104657,0.9711657717079336
805,0.8058058058058059,0.9712364437081428,0.9710456698996889
806,0.8068068068068068,0.9711611531859085,0.9709268007911814
807,0.8078078078078078,0.9710898994820066,0.9708091648080992
808,0.8088088088088088,0.9710186359078673,0.9706921071939104
809,0.8098098098098098,0.9709473624614392,0.9705753092679881
810,0.8108108108108109,0.9704003783924164,0.9704541114589563
811,0.8118118118118118,0.9703427729413133,0.970330616376263
812,0.8128128128128128,0.970285161043872,0.9702030065973639
813,0.8138138138138138,0.9702275426990103,0.9700690132180072
814,0.8148148148148148,0.970169917905646,0.9699300152151543
815,0.8158158158158159,0.970109771789278,0.9697818126026815
816,0.8168168168168168,0.9700482126128404,0.9696305530075973
817,0.8178178178178178,0.9699866460768634,0.969477671058007
818,0.8188188188188188,0.9699250721800274,0.969315759798066
819,0.8198198198198198,0.9698348439158714,0.9691461535468262
820,0.8208208208208209,0.9696879190173524,0.9689757165382206
821,0.8218218218218218,0.9693424843309865,0.968804448590637
822,0.8228228228228228,0.9692793534484944,0.9686313472602492
823,0.8238238238238238,0.9692162148316144,0.9684596954840833
824,0.8248248248248248,0.9691530684789251,0.9682866212777779
825,0.8258258258258259,0.9690899143890049,0.9681064377577424
826,0.8268268268268268,0.9682790693103608,0.9679221966862162
827,0.8278278278278278,0.9681128772849585,0.9677358472118684
828,0.8288288288288288,0.9679118359543831,0.9675480571194414
829,0.8298298298298298,0.9676107701513089,0.9673526860246583
830,0.8308308308308309,0.967451812254353,0.9671462543818455
831,0.8318318318318318,0.9673947977829312,0.966932463173734
832,0.8328328328328328,0.9673377770147972,0.9667121194014203
833,0.8338338338338338,0.9672807499489076,0.9664866252771696
834,0.8348348348348348,0.9672131886561495,0.966251305184216
835,0.8358358358358359,0.9669079765034133,0.9660084758426892
836,0.8368368368368369,0.9667128643212187,0.9657696674361458
837,0.8378378378378378,0.9664270255100431,0.965523199574792
838,0.8388388388388388,0.9660254613359576,0.9652673652624659
839,0.8398398398398398,0.9656992694179355,0.9649967881434094
840,0.8408408408408409,0.9651942879433569,0.9647106454013988
841,0.8418418418418419,0.9650028329859716,0.9644191024415882
842,0.8428428428428428,0.964884541601485,0.9641093179794225
843,0.8438438438438438,0.9643884930081585,0.9637990899497006
844,0.8448448448448448,0.9639604922255042,0.9634884182309432
845,0.8458458458458459,0.9638825649121705,0.9631768367906213
846,0.8468468468468469,0.9638046258751083,0.9628356017932409
847,0.8478478478478478,0.9635202090203506,0.9624920645588073
848,0.8488488488488488,0.9631346544186201,0.9621377639160285
849,0.8498498498498498,0.9629031767032596,0.961781067849703
850,0.8508508508508509,0.9624787458707945,0.9614149478428689
851,0.8518518518518519,0.9622099474701789,0.9610313374503281
852,0.8528528528528528,0.9620405482080086,0.9606574674515833
853,0.8538538538538538,0.9619051985226456,0.9602840470484408
854,0.8548548548548548,0.9614388218358952,0.9598959657245608
855,0.8558558558558559,0.9607915886270173,0.9595018011979329
856,0.8568568568568569,0.9603330920944544,0.9591046723544634
857,0.8578578578578578,0.9599236207979118,0.9586886125889715
858,0.8588588588588588,0.959589699145213,0.9582524908666498
859,0.8598598598598598,0.959017311167241,0.9577914424106857
860,0.8608608608608609,0.9585630660435694,0.9573069459009149
861,0.8618618618618619,0.9582211496587011,0.9568055117974621
862,0.8628628628628628,0.9577729120122763,0.9562807298333025
863,0.8638638638638638,0.9572376111152406,0.9557371442010382
864,0.8648648648648649,0.9564281096271269,0.9551877644396171
865,0.8658658658658659,0.9555766380631077,0.9546205574308493
866,0.8668668668668669,0.9552410808389354,0.9540414955239649
867,0.8678678678678678,0.9542492050423829,0.9534415654940016
868,0.8688688688688688,0.9541650165610542,0.9528147448786655
869,0.8698698698698699,0.9540808145233964,0.9521632891835413
870,0.8708708708708709,0.9539441904594489,0.9514867459986638
871,0.8718718718718719,0.9522849341509555,0.9507862562196321
872,0.8728728728728729,0.9518220853748762,0.9500511115644057
873,0.8738738738738738,0.9512100206667733,0.9492514668590908
874,0.8748748748748749,0.9510247154490116,0.9484353915102193
875,0.8758758758758759,0.9504809481303882,0.94757912444484
876,0.8768768768768769,0.9495257843694292,0.9467071915061439
877,0.8778778778778779,0.9492116993743729,0.9458252615652069
878,0.8788788788788788,0.949068436724691,0.9449212217519788
879,0.8798798798798799,0.9481196884365017,0.9439799058179142
880,0.8808808808808809,0.9475083792932899,0.9429977970056186
881,0.8818818818818819,0.9471982412374028,0.941987225121164
882,0.8828828828828829,0.9461757497428531,0.9409547068259984
883,0.8838838838838838,0.9450955691763847,0.9399110716199617
884,0.8848848848848849,0.9437672786947431,0.9388143865316635
885,0.8858858858858859,0.9425038666578368,0.9376568442474036
886,0.8868868868868869,0.9413348372273167,0.9364651413522482
887,0.8878878878878879,0.9399489841490768,0.9351998382082715
888,0.8888888888888888,0.9387041582645685,0.9338864769646187
889,0.8898898898898899,0.9380070935034782,0.932489628885566
890,0.8908908908908909,0.936771711970781,0.9310565271750503
891,0.8918918918918919,0.9356621306922512,0.9295991421686394
892,0.8928928928928929,0.9344064014578458,0.9280294071932301
893,0.8938938938938938,0.9329166902193394,0.9263555155737007
894,0.8948948948948949,0.931164252556827,0.9245891336065474
895,0.8958958958958959,0.929456789796753,0.922720955925982
896,0.8968968968968969,0.928157586181548,0.9207111023622991
897,0.8978978978978979,0.9263122484585644,0.9186249861169388
898,0.8988988988988988,0.9227383290492913,0.9165024833921431
899,0.8998998998998999,0.9215148116261721,0.9142332948327738
900,0.9009009009009009,0.9192335563689227,0.911858366358657
901,0.9019019019019019,0.9180101659972899,0.9093369413277409
902,0.9029029029029029,0.9172315204823877,0.9066790778906313
903,0.9039039039039038,0.9159345177333756,0.9038644031075176
904,0.9049049049049049,0.9138980858853533,0.9008641125625287
905,0.9059059059059059,0.9113512724088172,0.8976912016268959
906,0.9069069069069069,0.9092524225198335,0.8943041997596943
907,0.9079079079079079,0.9076746590410066,0.8906441406131562
908,0.9089089089089089,0.9066982252900406,0.8867799049337971
909,0.9099099099099099,0.9036587596420078,0.8827011746256588
910,0.9109109109109109,0.8999826546699781,0.8783934670188878
911,0.9119119119119119,0.8977862183906483,0.8738373348482391
912,0.9129129129129129,0.8936906893158904,0.8690566897874035
913,0.9139139139139139,0.8907914885859859,0.8640311225452566
914,0.914914914914915,0.8859983590835557,0.8586672139343317
915,0.9159159159159159,0.8833399223908232,0.8529804501573055
916,0.9169169169169169,0.8812500027361528,0.8469272989411238
917,0.9179179179179179,0.875184597093059,0.840438464617631
918,0.9189189189189189,0.8688807324463838,0.833535216596365
919,0.91991991991992,0.8640795362362346,0.8260857221883579
920,0.9209209209209209,0.8588037528145626,0.8182020282990994
921,0.9219219219219219,0.8514416587116226,0.8099719811656099
922,0.9229229229229229,0.8458930056375764,0.8013031271326647
923,0.9239239239239239,0.8435744464103013,0.7921987207107841
924,0.924924924924925,0.8354814041389336,0.7827518361929279
925,0.9259259259259259,0.8299033632690551,0.7729446571987797
926,0.9269269269269269,0.8218882715536713,0.762693979086295
927,0.9279279279279279,0.8139747490768398,0.7518530491070334
928,0.9289289289289289,0.8056632854355747,0.7404336584796303
929,0.92992992992993,0.7960536189302533,0.7285426441152545
930,0.9309309309309309,0.7863012307192287,0.7159812613465015
931,0.9319319319319319,0.7747712840660064,0.7030534543179758
932,0.9329329329329329,0.760535224763962,0.6895564575716171
933,0.933933933933934,0.7490997300955383,0.6755121955217864
934,0.934934934934935,0.7370803234613278,0.6610785139220888
935,0.9359359359359359,0.7240741907494209,0.6462503669788675
936,0.9369369369369369,0.7101411259547528,0.6309426212733598
937,0.9379379379379379,0.6975219391247063,0.615176575690774
938,0.938938938938939,0.6836450547995881,0.599132745903067
939,0.93993993993994,0.665144819107399,0.5828848824324246
940,0.9409409409409409,0.6479821408751413,0.5664823458517179
941,0.9419419419419419,0.6280609999455159,0.5499281402853361
942,0.9429429429429429,0.6047315801941191,0.5331722251865676
943,0.943943943943944,0.5823407523732798,0.5164630704047368
944,0.944944944944945,0.5529924754109738,0.4997934738144454
945,0.9459459459459459,0.5290958642046424,0.4831977726382662
946,0.9469469469469469,0.5097243859887889,0.4666388029287015
947,0.9479479479479479,0.48604603050134115,0.45018801529307706
948,0.948948948948949,0.46198752094265927,0.4338198102417156
949,0.94994994994995,0.4409472186386225,0.4173942145539458
950,0.950950950950951,0.42134868292461036,0.40110585029010437
951,0.9519519519519519,0.39644897263220574,0.38488855174158365
952,0.9529529529529529,0.36512273705495185,0.36881403634013965
953,0.953953953953954,0.3348425984848258,0.35288076403881946
954,0.954954954954955,0.3094927851502105,0.33708344471655327
955,0.955955955955956,0.27326756467895597,0.32147455022772475
956,0.9569569569569569,0.252033113954004,0.3060568790371517
957,0.9579579579579579,0.2209055884555358,0.2908652852319359
958,0.958958958958959,0.19141729449964537,0.2759528298444072
959,0.95995995995996,0.17058046370546184,0.2612645998425339
960,0.960960960960961,0.14742326553771687,0.2468120444805471
961,0.9619619619619619,0.11928762368908817,0.23261451132859767
962,0.9629629629629629,0.09371789367877141,0.2186901755255633
963,0.963963963963964,0.0754553701428351,0.2050132747584122
964,0.964964964964965,0.06215045158322777,0.19160846976234183
965,0.965965965965966,0.049468993467509534,0.17856641448572616
966,0.9669669669669669,0.03907543850535434,0.16586088231170376
967,0.9679679679679679,0.026698332698956752,0.15354596074414464
968,0.968968968968969,0.023017703219685166,0.1416884787795541
969,0.96996996996997,0.018731306341519868,0.1302700326545878
970,0.970970970970971,0.017698776251098225,0.11942704294064715
971,0.9719719719719719,0.014296297626764353,0.1090526142307522
972,0.9729729729729729,0.012451489294774978,0.09905801842705046
973,0.973973973973974,0.011114548018143457,0.08952770410349475
974,0.974974974974975,0.005869066334041839,0.08046912526148182
975,0.975975975975976,0.004774826683018478,0.07182310136660687
976,0.9769769769769769,0.0028211372945014,0.06356136248573216
977,0.9779779779779779,0.0020879860800248674,0.055787853218434005
978,0.978978978978979,0.001377861709510718,0.04862858386441535
979,0.97997997997998,0.0,0.042063042717654056
980,0.980980980980981,0.0,0.03599455673431659
981,0.9819819819819819,0.0,0.030636369191591968
982,0.9829829829829829,0.0,0.025694543427787965
983,0.983983983983984,0.0,0.02136306130120883
984,0.984984984984985,0.0,0.01760978101690206
985,0.985985985985986,0.0,0.014265066042285161
986,0.986986986986987,0.0,0.011374413776839733
987,0.9879879879879879,0.0,0.009035440763328201
988,0.988988988988989,0.0,0.0071978350049209175
989,0.98998998998999,0.0,0.0057183179432967
990,0.990990990990991,0.0,0.004499681637743215
991,0.991991991991992,0.0,0.003529701373674401
992,0.992992992992993,0.0,0.002763516304941963
993,0.993993993993994,0.0,0.002240019585354576
994,0.994994994994995,0.0,0.0017886920712431018
995,0.995995995995996,0.0,0.001421411554742712
996,0.996996996996997,0.0,0.0010743767262898056
997,0.997997997997998,0.0,0.0007940571649807007
998,0.998998998998999,0.0,0.0005499103160635443
999,1.0,0.0,0.0003319780019823001
